{
  "best_out_sharpe": {
    "combination_id": 10.0,
    "stop_loss_pct": 0.01,
    "take_profit_pct": 0.03,
    "position_size": 0.002,
    "imbalance_threshold": 0.0002,
    "in_sharpe": -1.303263999402633,
    "out_sharpe": -0.9334107626583122,
    "in_total_pnl": -34.23650186842461,
    "out_total_pnl": -10.707215518181473,
    "in_max_dd": 45.25520456419508,
    "out_max_dd": 18.22995032698418,
    "in_win_rate": 0.34,
    "out_win_rate": 0.4444444444444444,
    "in_trades": 50.0,
    "out_trades": 27.0,
    "in_volatility": 0.005564766375474123,
    "out_volatility": 0.005476580618001757,
    "in_profit_factor": 0.5967682094482676,
    "out_profit_factor": 0.7278631099595786
  },
  "best_out_pnl": {
    "combination_id": 8.0,
    "stop_loss_pct": 0.01,
    "take_profit_pct": 0.03,
    "position_size": 0.001,
    "imbalance_threshold": 0.0002,
    "in_sharpe": -1.3040291433931963,
    "out_sharpe": -0.9339841883427719,
    "in_total_pnl": -17.118250934212305,
    "out_total_pnl": -5.353607759090736,
    "in_max_dd": 22.627602282096632,
    "out_max_dd": 9.114975163489362,
    "in_win_rate": 0.34,
    "out_win_rate": 0.4444444444444444,
    "in_trades": 50.0,
    "out_trades": 27.0,
    "in_volatility": 0.0027794217106617033,
    "out_volatility": 0.002737283138743905,
    "in_profit_factor": 0.5967682094482676,
    "out_profit_factor": 0.7278631099595786
  },
  "best_out_profit_factor": {
    "combination_id": 8.0,
    "stop_loss_pct": 0.01,
    "take_profit_pct": 0.03,
    "position_size": 0.001,
    "imbalance_threshold": 0.0002,
    "in_sharpe": -1.3040291433931963,
    "out_sharpe": -0.9339841883427719,
    "in_total_pnl": -17.118250934212305,
    "out_total_pnl": -5.353607759090736,
    "in_max_dd": 22.627602282096632,
    "out_max_dd": 9.114975163489362,
    "in_win_rate": 0.34,
    "out_win_rate": 0.4444444444444444,
    "in_trades": 50.0,
    "out_trades": 27.0,
    "in_volatility": 0.0027794217106617033,
    "out_volatility": 0.002737283138743905,
    "in_profit_factor": 0.5967682094482676,
    "out_profit_factor": 0.7278631099595786
  },
  "most_consistent": {
    "combination_id": 12.0,
    "stop_loss_pct": 0.015,
    "take_profit_pct": 0.02,
    "position_size": 0.001,
    "imbalance_threshold": 0.0002,
    "in_sharpe": -1.6798344786078354,
    "out_sharpe": -1.4617541276778883,
    "in_total_pnl": -23.92912151998883,
    "out_total_pnl": -8.740832619776809,
    "in_max_dd": 29.918719465538743,
    "out_max_dd": 13.535359239322133,
    "in_win_rate": 0.41304347826086957,
    "out_win_rate": 0.52,
    "in_trades": 46.0,
    "out_trades": 25.0,
    "in_volatility": 0.0030322881783211714,
    "out_volatility": 0.0029206939109118527,
    "in_profit_factor": 0.49964208889393874,
    "out_profit_factor": 0.585074669361471,
    "sharpe_diff": 0.21808035092994715,
    "pnl_diff": 15.18828890021202,
    "consistency_score": 0.8528002209228641
  },
  "best_risk_adjusted": {
    "combination_id": 18.0,
    "stop_loss_pct": 0.015,
    "take_profit_pct": 0.025,
    "position_size": 0.002,
    "imbalance_threshold": 0.0002,
    "in_sharpe": -1.6694003890846947,
    "out_sharpe": -1.1252658098368962,
    "in_total_pnl": -48.18481534474785,
    "out_total_pnl": -13.851513520991785,
    "in_max_dd": 59.92236540383601,
    "out_max_dd": 25.885822562373505,
    "in_win_rate": 0.391304347826087,
    "out_win_rate": 0.52,
    "in_trades": 46.0,
    "out_trades": 25.0,
    "in_volatility": 0.006150048466230446,
    "out_volatility": 0.005955779377110548,
    "in_profit_factor": 0.5143565905205398,
    "out_profit_factor": 0.6712359063747677,
    "risk_adj_score": -0.04347034998231746
  }
}